Date,New Cases,New Deaths,Hospital Patients,ICU Patients,New Tests,New Vaccinations
2020-02-29,1,,,,,
2020-03-01,0,,,,,
2020-03-02,0,,,,,
2020-03-03,1,,,,,
2020-03-04,4,,,,,
2020-03-05,0,,,,,
2020-03-06,12,,,,,
2020-03-07,0,,18,,,
2020-03-08,1,,17,,,
2020-03-09,2,,18,,,
2020-03-10,13,,26,,,
2020-03-11,9,1,32,,,
2020-03-12,0,0,44,,,
2020-03-13,47,0,36,,,
2020-03-14,39,1,38,,,
2020-03-15,0,0,41,,,
2020-03-16,40,0,55,,,
2020-03-17,54,0,61,,,
2020-03-18,69,0,80,,,
2020-03-19,265,1,98,,946,
2020-03-20,126,0,133,,1469,
2020-03-21,102,0,151,,1564,
2020-03-22,121,1,177,,978,
2020-03-23,219,2,218,,2581,
2020-03-24,204,1,239,,1566,
2020-03-25,235,2,290,,1775,
2020-03-26,255,10,331,,3376,
2020-03-27,302,3,380,68,2941,
2020-03-28,294,14,442,80,2206,
2020-03-29,200,10,513,96,1616,
2020-03-30,295,8,571,107,1397,
2020-03-31,325,17,596,120,1928,
2020-04-01,212,14,656,128,2009,
2020-04-02,402,13,655,132,1975,
2020-04-03,424,22,704,137,1857,
2020-04-04,331,17,738,140,1849,
2020-04-05,390,21,702,139,2831,
2020-04-06,370,16,829,144,6117,
2020-04-07,345,36,828,143,1853,
2020-04-08,365,25,837,146,3728,
2020-04-09,500,28,838,151,5487,
2020-04-10,1515,24,825,155,6959,
2020-04-11,839,33,856,155,6990,
2020-04-12,727,14,853,148,5722,
2020-04-13,992,31,868,143,8427,
2020-04-14,832,41,868,149,4275,
2020-04-15,1068,38,881,140,3036,
2020-04-16,724,42,856,142,3644,
2020-04-17,709,44,852,137,4311,
2020-04-18,778,41,811,134,2253,
2020-04-19,493,39,816,133,2313,
2020-04-20,401,77,820,139,1626,
2020-04-21,388,43,774,133,3757,
2020-04-22,631,39,778,131,5363,
2020-04-23,936,25,742,123,4871,
2020-04-24,577,220,745,118,5580,
2020-04-25,377,49,736,123,5632,
2020-04-26,701,24,758,120,8598,
2020-04-27,386,15,771,117,5100,
2020-04-28,229,57,753,113,6306,
2020-04-29,376,31,760,103,8159,
2020-04-30,359,42,736,106,8218,
2020-05-01,221,33,740,99,7451,
2020-05-02,343,21,705,99,12076,
2020-05-03,330,17,684,93,9799,
2020-05-04,266,16,672,91,8617,
2020-05-05,211,20,680,90,7512,
2020-05-06,265,36,657,82,7815,
2020-05-07,137,28,614,76,5703,
2020-05-08,156,26,585,72,4973,
2020-05-09,219,17,539,72,7657,
2020-05-10,236,12,539,72,6517,
2020-05-11,139,9,555,69,5374,
2020-05-12,107,21,512,67,6138,
2020-05-13,159,9,486,62,4674,
2020-05-14,426,9,459,59,6210,
2020-05-15,129,12,419,56,5699,
2020-05-16,92,15,386,54,6334,
2020-05-17,64,10,395,51,6457,
2020-05-18,88,4,386,55,3964,
2020-05-19,51,14,368,54,3278,
2020-05-20,64,10,367,49,4764,
2020-05-21,76,12,315,52,5274,
2020-05-22,115,9,316,49,5373,
2020-05-23,76,12,303,51,4276,
2020-05-24,57,4,304,49,3509,
2020-05-25,59,,305,48,3529,
2020-05-26,37,9,287,48,3515,
2020-05-27,68,16,263,48,3437,
2020-05-28,38,8,231,45,3811,
2020-05-29,35,6,197,42,4364,
2020-05-30,53,6,173,36,3423,
2020-05-31,61,1,184,36,3474,
2020-06-01,72,,176,37,2285,
2020-06-02,4,8,194,36,1827,
2020-06-03,45,1,166,37,2486,
2020-06-04,31,5,154,36,3099,
2020-06-05,21,6,139,37,3234,
2020-06-06,20,8,122,36,3106,
2020-06-07,18,1,125,34,2828,
2020-06-08,6,4,122,34,1960,
2020-06-09,8,8,110,35,2355,
2020-06-10,16,4,102,29,2675,
2020-06-11,7,8,89,27,4240,
2020-06-12,12,2,79,27,3009,
2020-06-13,45,0,76,,2712,
2020-06-14,8,1,81,27,2512,
2020-06-15,18,0,78,24,1714,
2020-06-16,13,3,69,20,2112,
2020-06-17,7,1,60,21,3420,
2020-06-18,14,4,48,21,3359,
2020-06-19,13,0,44,16,3161,
2020-06-20,6,1,41,17,2724,
2020-06-21,5,0,41,16,2159,
2020-06-22,4,2,43,16,1498,
2020-06-23,8,3,40,11,2116,
2020-06-24,5,6,37,9,3252,
2020-06-25,9,1,30,12,2983,
2020-06-26,9,3,26,12,3689,
2020-06-27,23,4,22,11,4007,
2020-06-28,2,1,20,11,2724,
2020-06-29,23,0,22,12,3340,
2020-06-30,11,1,21,13,4591,
2020-07-01,4,2,21,12,4551,
2020-07-02,12,0,18,10,3792,
2020-07-03,9,2,20,10,8049,
2020-07-04,11,1,22,11,8312,
2020-07-05,18,0,20,10,7000,
2020-07-06,4,0,19,10,6529,
2020-07-07,7,1,20,9,6161,
2020-07-08,4,,12,9,4361,
2020-07-09,23,5,13,9,3945,
2020-07-10,24,1,11,9,9330,
2020-07-11,22,2,13,10,8929,
2020-07-12,17,0,12,11,8717,
2020-07-13,10,0,11,10,7664,
2020-07-14,32,0,13,10,6400,
2020-07-15,13,2,12,8,4387,
2020-07-16,15,1,12,8,4316,
2020-07-17,32,3,12,8,9512,
2020-07-18,20,1,10,8,9243,
2020-07-19,10,0,10,9,8630,
2020-07-20,6,0,12,8,8415,
2020-07-21,36,0,13,7,6674,
2020-07-22,17,1,14,6,4619,
2020-07-23,7,9,13,6,4067,
2020-07-24,19,0,11,5,8980,
2020-07-25,24,1,10,5,8888,
2020-07-26,12,0,11,5,8016,
2020-07-27,11,0,11,6,5804,
2020-07-28,37,0,10,6,4965,
2020-07-29,13,0,10,4,4740,
2020-07-30,85,,6,4,4383,
2020-07-31,38,0,6,4,3856,
2020-08-01,44,0,8,4,3306,
2020-08-02,53,0,10,4,3131,
2020-08-03,46,0,10,5,3041,
2020-08-04,45,0,14,5,1991,
2020-08-05,50,0,17,6,3761,
2020-08-06,69,5,10,5,4833,
2020-08-07,98,4,11,5,4980,
2020-08-08,174,0,12,6,4880,
2020-08-09,68,0,13,6,4107,
2020-08-10,56,0,12,7,3874,
2020-08-11,33,1,14,5,4026,
2020-08-12,37,1,13,6,5843,
2020-08-13,91,0,12,6,7072,
2020-08-14,66,0,11,8,11337,
2020-08-15,196,0,15,8,10653,
2020-08-16,66,0,16,8,10352,
2020-08-17,56,0,21,8,5533,
2020-08-18,186,1,22,7,4339,
2020-08-19,48,0,17,6,6192,
2020-08-20,129,1,16,6,11416,
2020-08-21,79,0,18,6,13080,
2020-08-22,153,1,20,6,6758,
2020-08-23,61,0,21,6,5438,
2020-08-24,147,0,27,5,4838,
2020-08-25,85,0,26,4,5015,
2020-08-26,162,0,26,4,7648,
2020-08-27,90,0,29,5,12274,
2020-08-28,125,0,32,5,12303,
2020-08-29,142,0,30,5,9940,
2020-08-30,40,0,33,5,5659,
2020-08-31,51,0,35,6,9340,
2020-09-01,214,0,36,6,4892,
2020-09-02,89,0,40,6,7301,
2020-09-03,92,0,40,7,12501,
2020-09-04,97,0,44,7,14064,
2020-09-05,231,0,48,7,11322,
2020-09-06,138,0,49,6,10343,
2020-09-07,102,0,49,6,6253,
2020-09-08,306,1,49,6,6678,
2020-09-09,84,3,50,6,10749,
2020-09-10,196,0,49,7,12363,
2020-09-11,211,0,53,7,13073,
2020-09-12,159,2,52,9,12230,
2020-09-13,255,1,54,10,9815,
2020-09-14,207,0,60,11,9888,
2020-09-15,357,3,68,13,8120,
2020-09-16,250,1,65,14,12241,
2020-09-17,224,1,76,14,14663,
2020-09-18,248,3,80,15,14506,
2020-09-19,267,0,74,16,14380,
2020-09-20,395,0,82,16,12138,
2020-09-21,188,0,90,17,10031,
2020-09-22,323,0,94,16,12583,
2020-09-23,231,2,90,17,12671,
2020-09-24,319,3,94,16,14356,
2020-09-25,321,0,100,17,14538,
2020-09-26,245,5,102,18,11808,
2020-09-27,430,0,108,17,11878,
2020-09-28,387,0,111,17,9866,
2020-09-29,363,1,117,18,12673,
2020-09-30,415,1,122,22,13247,
2020-10-01,442,2,122,20,14524,
2020-10-02,466,,117,21,12673,
2020-10-03,605,9,120,20,13621,
2020-10-04,364,0,134,21,11295,
2020-10-05,517,0,150,23,12166,
2020-10-06,424,1,150,24,11646,
2020-10-07,611,5,156,27,14542,
2020-10-08,502,1,159,25,15880,
2020-10-09,617,4,179,31,16522,
2020-10-10,1011,3,194,30,15634,
2020-10-11,814,2,201,30,7998,
2020-10-12,823,1,221,32,13988,
2020-10-13,808,3,240,31,15305,
2020-10-14,1084,5,234,30,16255,
2020-10-15,1186,3,238,29,13428,
2020-10-16,998,3,244,30,17758,
2020-10-17,1251,8,260,30,19040,
2020-10-18,1284,3,274,31,16140,
2020-10-19,1031,0,298,32,14391,
2020-10-20,1263,13,315,34,14676,
2020-10-21,1166,3,324,35,16779,
2020-10-22,1054,3,310,37,17834,
2020-10-23,785,7,311,38,17712,
2020-10-24,847,4,312,37,17906,
2020-10-25,1020,0,319,39,15772,
2020-10-26,939,3,344,38,14264,
2020-10-27,700,5,354,38,11435,
2020-10-28,667,6,327,40,11170,
2020-10-29,863,6,330,43,15316,
2020-10-30,762,6,327,42,13801,
2020-10-31,397,5,322,44,14296,
2020-11-01,546,2,325,44,11068,
2020-11-02,748,2,327,44,11074,
2020-11-03,298,5,306,43,10500,
2020-11-04,435,8,315,40,12592,
2020-11-05,563,3,307,38,11846,
2020-11-06,492,7,295,37,11815,
2020-11-07,317,5,279,40,12172,
2020-11-08,539,2,283,40,9576,
2020-11-09,265,1,291,41,9912,
2020-11-10,230,15,279,40,10407,
2020-11-11,358,2,282,39,10790,
2020-11-12,385,0,285,38,13058,
2020-11-13,467,7,275,33,11612,
2020-11-14,427,6,254,33,9801,
2020-11-15,377,1,254,30,9184,
2020-11-16,453,5,276,34,11106,
2020-11-17,330,11,273,34,9977,
2020-11-18,372,11,274,33,12562,
2020-11-19,415,4,290,32,12640,
2020-11-20,329,8,287,33,12829,
2020-11-21,341,4,275,32,10444,
2020-11-22,318,1,277,31,9563,
2020-11-23,250,0,291,33,9834,
2020-11-24,219,5,291,37,10089,
2020-11-25,257,5,269,36,12442,
2020-11-26,307,3,247,36,12456,
2020-11-27,205,7,253,34,10778,
2020-11-28,243,7,243,31,11339,
2020-11-29,299,2,257,30,9443,
2020-11-30,303,1,259,30,9057,
2020-12-01,254,16,224,31,9786,
2020-12-02,268,5,228,31,11934,
2020-12-03,162,6,234,32,12047,
2020-12-04,263,6,239,29,11856,
2020-12-05,457,13,230,28,11456,
2020-12-06,298,0,233,28,9413,
2020-12-07,222,0,232,28,9623,
2020-12-08,214,,215,32,10424,
2020-12-09,218,5,215,37,12203,
2020-12-10,303,15,203,36,12688,
2020-12-11,304,3,204,35,12618,
2020-12-12,249,3,190,32,12850,
2020-12-13,429,1,192,31,10728,
2020-12-14,264,2,197,34,10251,
2020-12-15,327,8,198,32,10847,
2020-12-16,421,6,198,28,13120,
2020-12-17,481,3,211,30,13219,
2020-12-18,576,6,206,31,14093,
2020-12-19,522,5,206,29,13941,
2020-12-20,766,4,220,29,13458,
2020-12-21,725,0,235,30,12804,
2020-12-22,961,13,237,28,13225,
2020-12-23,927,13,239,25,20662,
2020-12-24,918,8,255,22,22876,
2020-12-25,1025,2,253,25,21423,
2020-12-26,1296,6,268,23,11999,
2020-12-27,735,4,321,27,3536,
2020-12-28,765,1,360,30,9405,
2020-12-29,1545,8,409,34,13805,75
2020-12-30,1718,13,454,39,17489,1056
2020-12-31,1622,11,491,42,26312,1030
2021-01-01,1753,11,508,50,27389,807
2021-01-02,3394,4,581,56,20846,1014
2021-01-03,4961,7,673,65,28543,20
2021-01-04,6110,6,744,73,20571,1191
2021-01-05,5325,17,817,76,19908,3528
2021-01-06,7832,17,921,89,28370,6775
2021-01-07,6503,8,1022,101,28610,11723
2021-01-08,8227,20,1153,107,27319,12679
2021-01-09,4843,9,1285,121,29972,8079
2021-01-10,6886,8,1426,128,24485,4776
2021-01-11,4926,8,1575,144,19794,8343
2021-01-12,3052,45,1690,160,18945,8883
2021-01-13,3553,63,1750,176,24583,9878
2021-01-14,3913,28,1792,173,28178,8072
2021-01-15,3491,48,1846,187,22833,7683
2021-01-16,3232,59,1848,191,26663,5220
2021-01-17,2946,13,1923,196,21441,1111
2021-01-18,2117,8,2020,199,18191,8705
2021-01-19,1996,92,1954,209,19272,8385
2021-01-20,2485,60,1941,210,24296,9399
2021-01-21,2598,50,1949,214,23196,9942
2021-01-22,2357,52,1969,218,24189,7729
2021-01-23,1905,77,1893,216,21492,4634
2021-01-24,1370,23,1914,221,19593,1575
2021-01-25,1369,7,1948,218,14884,2631
2021-01-26,928,89,1823,216,16665,4492
2021-01-27,1331,54,1727,212,22387,8855
2021-01-28,1463,47,1620,214,21780,12518
2021-01-29,1247,47,1552,211,21943,13082
2021-01-30,1411,78,1494,213,21598,8413
2021-01-31,1244,15,1515,211,17649,4298
2021-02-01,1006,10,1529,207,15047,9341
2021-02-02,871,101,1418,207,16329,5927
2021-02-03,1006,94,1366,202,18442,8248
2021-02-04,1314,74,1308,187,20214,11952
2021-02-05,1019,35,1258,181,20278,11986
2021-02-06,785,53,1199,180,19497,4754
2021-02-07,1020,12,1203,179,15377,1618
2021-02-08,829,1,1212,175,12697,2034
2021-02-09,543,65,1104,178,15126,4772
2021-02-10,999,42,1032,170,18213,9386
2021-02-11,862,52,984,170,17372,6605
2021-02-12,919,19,959,173,18841,4900
2021-02-13,1076,66,898,170,18174,3113
2021-02-14,786,17,899,160,14450,2713
2021-02-15,820,0,916,158,11452,9834
2021-02-16,711,32,861,155,13119,13784
2021-02-17,638,56,831,154,17122,18189
2021-02-18,896,46,771,151,15829,16797
2021-02-19,753,27,754,153,17036,15958
2021-02-20,978,26,719,149,15606,9450
2021-02-21,679,1,744,151,14901,2128
2021-02-22,686,1,726,156,11828,5052
2021-02-23,557,44,693,151,13841,14404
2021-02-24,540,56,652,136,16607,19023
2021-02-25,638,34,591,141,18206,19822
2021-02-26,773,29,574,136,19178,18836
2021-02-27,729,13,550,134,18273,9688
2021-02-28,612,6,554,134,13102,2488
2021-03-01,681,0,540,117,12210,6362
2021-03-02,357,14,498,115,11680,13770
2021-03-03,559,24,489,110,15277,14376
2021-03-04,460,39,460,105,14244,20405
2021-03-05,520,9,426,100,16640,20823
2021-03-06,530,14,414,103,13325,10574
2021-03-07,520,3,423,103,13756,1522
2021-03-08,432,0,418,101,10682,8141
2021-03-09,306,30,397,93,13585,16902
2021-03-10,631,47,370,92,15592,17692
2021-03-11,591,10,359,87,15750,20546
2021-03-12,641,9,344,86,16499,18638
2021-03-13,538,16,340,85,16203,8445
2021-03-14,383,0,349,86,13349,387
2021-03-15,575,0,360,85,10586,3614
2021-03-16,347,18,355,85,11392,12734
2021-03-17,552,14,350,82,15990,7293
2021-03-18,581,0,345,83,13514,16376
2021-03-19,510,10,336,87,12942,16457
2021-03-20,525,9,328,83,16621,8331
2021-03-21,768,2,360,80,14882,3678
2021-03-22,520,1,359,80,12722,9778
2021-03-23,365,22,357,76,15044,19931
2021-03-24,680,18,329,75,20112,23371
2021-03-25,594,3,312,75,17979,31053
2021-03-26,569,20,317,66,18491,29171
2021-03-27,610,2,304,65,21134,17056
2021-03-28,604,13,322,68,19619,
2021-03-29,537,1,331,70,13507,
2021-03-30,366,14,310,65,14957,26294
2021-03-31,410,6,297,64,21152,31278
2021-04-01,746,18,274,63,19535,33832
2021-04-02,587,8,264,62,19031,12173
2021-04-03,508,2,242,65,16662,3179
2021-04-04,453,3,242,58,13946,4008
2021-04-05,318,0,260,58,11954,20114
2021-04-06,441,9,261,60,13864,28782
2021-04-07,418,5,232,56,16151,30718
2021-04-08,398,5,226,55,19214,29836
2021-04-09,469,32,212,53,16795,15303
2021-04-10,451,14,208,52,16849,3190
2021-04-11,302,2,213,53,14355,10528
2021-04-12,385,0,227,50,11918,20055
2021-04-13,354,18,206,48,13650,26907
2021-04-14,421,9,192,49,16872,37884
2021-04-15,297,8,184,51,14926,37778
2021-04-16,417,11,190,53,15404,20373
2021-04-17,419,4,183,50,14999,1523
2021-04-18,270,1,181,47,14507,8959
2021-04-19,403,0,183,50,11881,22342
2021-04-20,386,11,179,48,15085,36534
2021-04-21,398,9,182,47,19058,43764
2021-04-22,615,10,176,48,18095,45922
2021-04-23,433,1,166,48,19557,30648
2021-04-24,461,5,162,46,17803,10018
2021-04-25,429,1,174,45,15829,18580
2021-04-26,436,1,184,46,12839,33688
2021-04-27,420,10,153,47,15273,34589
2021-04-28,368,12,153,45,20498,42987
2021-04-29,469,3,154,44,19880,49601
2021-04-30,544,4,139,44,22296,23212
2021-05-01,567,3,123,41,18934,13325
2021-05-02,401,0,127,41,17992,15143
2021-05-03,452,0,129,40,13379,33370
2021-05-04,382,2,144,41,14160,45545
2021-05-05,415,7,137,37,19503,51727
2021-05-06,387,6,131,36,20862,55699
2021-05-07,430,,127,34,18793,32599
2021-05-08,399,1,110,33,23787,20542
2021-05-09,506,2,116,31,17071,33567
2021-05-10,380,0,124,31,13518,48830
2021-05-11,378,8,117,34,16710,52317
2021-05-12,446,8,109,34,19634,61561
2021-05-13,437,0,111,36,19701,66343
2021-05-14,420,4,,39,19450,41252
2021-05-15,461,0,,40,21847,24287
2021-05-16,375,0,,42,14373,39388
2021-05-17,379,0,110,42,13345,51583
2021-05-18,365,0,102,39,16964,54744
2021-05-19,526,0,101,38,20743,58801
2021-05-20,470,0,103,38,18572,63932
2021-05-21,533,0,107,38,18950,40285
2021-05-22,384,0,110,42,23519,23894
2021-05-23,447,0,116,43,16285,39112
2021-05-24,349,0,127,44,12772,49963
2021-05-25,353,0,103,41,16092,48348
2021-05-26,445,0,99,41,21087,53483
2021-05-27,432,0,101,39,17794,60285
2021-05-28,461,0,99,38,17881,32307
2021-05-29,456,0,90,35,18905,26048
2021-05-30,367,0,99,35,16723,33226
2021-05-31,370,0,98,35,14129,42559
2021-06-01,337,0,89,34,16921,43460
2021-06-02,407,0,93,34,23042,49237
2021-06-03,465,0,84,30,19005,52409
2021-06-04,517,0,86,28,19272,32368
2021-06-05,416,0,74,29,19182,23788
2021-06-06,313,0,70,27,14558,24300
2021-06-07,377,0,69,26,13686,44690
2021-06-08,239,0,77,27,12211,52930
2021-06-09,227,0,76,27,15850,55301
2021-06-10,398,0,70,23,17980,59238
2021-06-11,319,0,60,23,16980,31920
2021-06-12,431,0,58,22,17777,27479
2021-06-13,315,0,62,22,14404,47255
2021-06-14,202,0,67,23,11377,56317
2021-06-15,283,0,60,23,13889,61902
2021-06-16,287,0,57,19,17356,64644
2021-06-17,373,38,54,18,17936,62500
2021-06-18,302,0,53,15,15662,39422
2021-06-19,393,0,48,14,17162,34747
2021-06-20,393,0,49,15,13845,48232
2021-06-21,284,0,53,13,10994,59263
2021-06-22,174,0,39,13,14078,60216
2021-06-23,298,10,41,13,18414,64175
2021-06-24,304,0,47,13,17237,66026
2021-06-25,380,0,38,13,17450,39971
2021-06-26,443,0,43,13,18725,39169
2021-06-27,340,0,47,15,14771,49237
2021-06-28,329,0,49,16,13363,59815
2021-06-29,342,0,46,16,15721,59825
2021-06-30,,9,44,14,20569,63733
2021-07-01,876,2,44,14,19135,61558
2021-07-02,512,0,46,14,18961,40149
2021-07-03,448,0,42,14,20129,34353
2021-07-04,562,0,48,14,17150,54166
2021-07-05,335,0,51,14,13733,66056
2021-07-06,397,0,54,16,16463,68325
2021-07-07,533,6,60,17,22292,69164
2021-07-08,533,0,58,17,20558,64987
2021-07-09,631,0,50,15,19848,36690
2021-07-10,581,0,52,16,20023,33393
2021-07-11,576,0,58,16,18603,54760
2021-07-12,572,0,63,16,15286,64960
2021-07-13,589,0,62,17,15775,65641
2021-07-14,737,12,73,20,20989,61842
2021-07-15,994,0,80,22,19504,59943
2021-07-16,1170,0,79,23,20952,35459
2021-07-17,1377,0,78,22,22292,34488
2021-07-18,1179,0,91,22,19210,49353
2021-07-19,1071,0,101,20,17005,56258
2021-07-20,1110,0,89,21,20211,56870
2021-07-21,1260,8,96,22,24462,56213
2021-07-22,1188,0,95,23,21846,53328
2021-07-23,1386,0,106,22,21509,32364
2021-07-24,1345,0,105,21,22454,29288
2021-07-25,1126,0,123,22,17094,45335
2021-07-26,1276,0,141,25,17517,52845
2021-07-27,1114,0,142,27,17496,51777
2021-07-28,1301,9,152,26,22792,49907
2021-07-29,1361,0,162,26,19948,46791
2021-07-30,1501,0,169,23,22408,26974
2021-07-31,1427,0,164,26,19688,20656
2021-08-01,1098,0,163,26,18374,31273
2021-08-02,1352,0,177,27,12584,43716
2021-08-03,884,0,178,29,14841,40793
2021-08-04,1217,9,187,30,19997,44818
2021-08-05,1492,0,193,28,20564,37719
2021-08-06,1781,0,189,30,22005,15248
2021-08-07,1828,0,198,33,22769,20650
2021-08-08,1837,0,208,31,18879,29007
2021-08-09,1411,0,217,34,16052,35884
2021-08-10,1509,0,206,33,18638,38733
2021-08-11,1819,15,206,36,24234,45765
2021-08-12,1733,0,219,37,21609,39870
2021-08-13,1978,0,221,43,22551,24145
2021-08-14,2074,0,230,43,23269,20702
2021-08-15,1758,0,248,48,20215,33576
2021-08-16,1441,0,262,51,15775,40157
2021-08-17,1496,0,248,54,18709,41536
2021-08-18,1704,15,249,54,23925,37484
2021-08-19,1818,0,244,52,22901,37649
2021-08-20,2098,0,251,52,21223,19998
2021-08-21,2125,0,259,54,22583,20363
2021-08-22,1688,0,314,59,18070,26414
2021-08-23,1590,0,318,60,14921,32957
2021-08-24,1571,0,307,55,18420,29137
2021-08-25,2051,18,323,56,23838,28265
2021-08-26,1866,0,332,61,23029,29250
2021-08-27,1875,0,326,59,21919,17916
2021-08-28,1997,0,324,61,20310,17973
2021-08-29,1706,0,347,60,17869,16170
2021-08-30,1292,0,382,61,14527,16987
2021-08-31,1382,0,355,54,18684,17573
2021-09-01,1789,20,360,56,24024,17545
2021-09-02,,0,343,59,21832,20913
2021-09-03,1407,0,353,55,21312,15286
2021-09-04,1703,0,363,52,21728,17177
2021-09-05,1180,0,362,59,18088,11843
2021-09-06,1136,0,384,59,17510,13128
2021-09-07,1465,0,367,59,20585,17526
2021-09-08,1537,43,335,56,26671,17992
2021-09-09,1271,0,331,54,26494,17384
2021-09-10,1619,0,328,59,26700,13898
2021-09-11,1466,0,310,58,26396,14893
2021-09-12,1346,0,315,59,20227,9346
2021-09-13,877,0,321,58,20192,12354
2021-09-14,1176,0,309,60,23063,15766
2021-09-15,,24,292,65,30302,12573
2021-09-16,3765,0,290,67,28845,17225
2021-09-17,1386,0,288,73,26908,13527
2021-09-18,1456,0,261,66,27371,10350
2021-09-19,1224,0,278,63,22731,6567
2021-09-20,1150,0,297,65,19847,8185
2021-09-21,1420,0,286,63,22989,10097
2021-09-22,1429,30,272,63,29941,10510
2021-09-23,1354,0,286,59,27520,9347
2021-09-24,1163,0,297,61,26457,9029
2021-09-25,1335,0,282,65,25248,8626
2021-09-26,1459,0,296,65,19928,5289
2021-09-27,1044,0,310,66,15793,7154
2021-09-28,1497,0,300,63,18974,5982
2021-09-29,1447,40,300,60,24480,7028
2021-09-30,1267,0,297,59,22984,9765
2021-10-01,1057,0,308,59,21023,7066
2021-10-02,1586,0,298,56,20608,5403
2021-10-03,1051,0,319,60,17003,6401
2021-10-04,893,0,333,64,13890,12591
2021-10-05,1124,0,349,65,17689,15939
2021-10-06,982,31,343,70,23775,15904
2021-10-07,1206,0,355,69,22774,16161
2021-10-08,2002,0,354,73,23046,9653
2021-10-09,1940,0,353,74,20208,6713
2021-10-10,1384,0,382,74,17939,8119
2021-10-11,1357,0,400,75,14958,12800
2021-10-12,1456,0,402,73,17927,15042
2021-10-13,2051,26,408,69,25587,16499
2021-10-14,1626,0,415,70,24904,14061
2021-10-15,1907,0,413,73,23337,11887
2021-10-16,2180,0,406,71,23405,6273
2021-10-17,1380,0,459,74,20038,6900
2021-10-18,1576,0,484,73,18105,13143
2021-10-19,2397,0,472,74,21358,14520
2021-10-20,2147,63,464,86,27417,14889
2021-10-21,2026,0,448,88,27339,11499
2021-10-22,2465,0,457,90,25234,5124
2021-10-23,2427,0,450,93,23034,5493
2021-10-24,1725,0,471,97,19115,2568
2021-10-25,1845,0,497,99,17133,6962
2021-10-26,2180,0,513,97,16525,10321
2021-10-27,1624,67,503,101,22457,11268
2021-10-28,2598,0,487,99,25215,10145
2021-10-29,2541,0,481,97,24910,5612
2021-10-30,2966,0,470,92,25252,3920
2021-10-31,1963,0,500,93,22395,
2021-11-01,2855,0,515,91,21441,
2021-11-02,3723,0,493,90,20999,10560
2021-11-03,3174,56,460,86,30021,13003
2021-11-04,3024,0,458,90,28911,15048
2021-11-05,3903,0,464,76,27436,17025
2021-11-06,3685,0,444,74,27232,14528
2021-11-07,3428,0,478,75,25624,12742
2021-11-08,3161,0,498,78,22338,15793
2021-11-09,5331,0,520,83,25798,25723
2021-11-10,2968,74,551,89,30675,29915
2021-11-11,3677,0,543,97,31250,32578
2021-11-12,5478,0,549,96,30161,28448
2021-11-13,4642,0,556,107,29128,22775
2021-11-14,3805,0,582,106,26062,12638
2021-11-15,4558,0,622,117,25005,16772
2021-11-16,4407,0,614,114,27467,30635
2021-11-17,3632,43,634,119,31973,36003
2021-11-18,4646,0,643,118,32415,42396
2021-11-19,3133,0,643,118,30759,34226
2021-11-20,5959,0,640,121,31104,25717
2021-11-21,4181,0,669,125,28683,17777
2021-11-22,5630,0,685,126,26990,17751
2021-11-23,3661,0,638,130,30274,36901
2021-11-24,3891,43,611,132,31622,40287
2021-11-25,4763,0,598,126,35284,42933
2021-11-26,4619,0,572,118,32926,38321
2021-11-27,4791,0,536,121,34190,27293
2021-11-28,3735,0,566,117,28461,20299
2021-11-29,4603,0,579,115,29569,23076
2021-11-30,5458,0,579,122,30682,42310
2021-12-01,3790,55,578,117,34324,41581
2021-12-02,4159,0,545,117,36124,43088
2021-12-03,5408,0,528,110,33464,38363
2021-12-04,5622,0,487,114,34442,26237
2021-12-05,5156,0,503,110,30391,18310
2021-12-06,2911,0,536,110,30004,24337
2021-12-07,5565,0,505,117,29812,30372
2021-12-08,4126,81,543,118,34383,39453
2021-12-09,4003,0,530,115,27121,48192
2021-12-10,4097,0,511,110,30491,43569
2021-12-11,4004,0,481,111,34462,30614
2021-12-12,4667,0,504,109,32346,28375
2021-12-13,4683,0,518,108,27383,33426
2021-12-14,3871,0,493,109,27119,55363
2021-12-15,4230,47,470,105,36274,59559
2021-12-16,4141,0,443,108,35130,68871
2021-12-17,3595,0,420,105,34589,69561
2021-12-18,7333,0,410,107,33312,48501
2021-12-19,5124,0,436,107,32546,56306
2021-12-20,4788,0,467,104,27032,94397
2021-12-21,5269,0,443,102,35494,132637
2021-12-22,6307,55,429,100,38509,135380
2021-12-23,7411,0,390,98,40553,104333
2021-12-24,11182,0,393,89,38531,11290
2021-12-25,13765,0,378,87,43100,23
2021-12-26,10404,0,426,91,25581,257
2021-12-27,6735,0,462,91,14067,13808
2021-12-28,9006,0,521,92,26389,24483
2021-12-29,16428,22,568,93,39006,55438
2021-12-30,20554,0,619,88,45583,63483
2021-12-31,20110,0,682,86,45772,21428
2022-01-01,23281,0,656,85,44660,9092
2022-01-02,0,0,717,87,33282,14769
2022-01-03,34057,0,804,93,36862,21181
2022-01-04,21302,0,884,90,39953,33859
2022-01-05,17656,40,928,94,40318,43947
2022-01-06,23817,0,941,90,48991,45669
2022-01-07,21926,0,936,84,42283,36953
2022-01-08,26122,0,917,83,48579,25374
2022-01-09,21384,0,984,83,44041,18024
2022-01-10,0,0,1063,89,43835,21903
2022-01-11,43199,0,1062,92,42771,30042
2022-01-12,20909,83,1055,92,42085,33910
2022-01-13,18904,0,1011,92,42612,33661
2022-01-14,17065,0,1020,83,37839,34044
2022-01-15,14555,0,940,89,35932,21296
2022-01-16,10753,0,961,88,23309,14712
2022-01-17,6329,0,1006,97,18199,14837
2022-01-18,5767,0,979,93,21222,17264
2022-01-19,6843,52,911,90,22775,15929
2022-01-20,5523,0,896,90,20492,15399
2022-01-21,6597,0,892,88,20689,13361
2022-01-22,6689,0,836,78,20385,10990
2022-01-23,4731,0,845,79,16015,7317
2022-01-24,3692,0,885,76,13356,6043
2022-01-25,4006,0,824,79,15762,8989
2022-01-26,5605,49,739,74,20321,8663
2022-01-27,5265,0,708,71,18028,8386
2022-01-28,5109,0,707,69,17812,10859
2022-01-29,0,0,649,66,17470,9662
2022-01-30,0,0,651,74,14553,11156
2022-01-31,13363,0,692,75,13359,4698
2022-02-01,4208,0,657,66,16070,8327
2022-02-02,5940,92,630,65,19858,9355
2022-02-03,6061,0,609,63,20359,9127
2022-02-04,6697,0,597,66,20456,13085
2022-02-05,0,0,581,67,18600,11309
2022-02-06,0,0,615,73,15185,11453
2022-02-07,15168,0,643,76,13561,3842
2022-02-08,3780,0,646,72,15803,5595
2022-02-09,5677,63,627,68,20010,7948
2022-02-10,5649,0,595,63,18422,8277
2022-02-11,6618,0,614,64,18652,10111
2022-02-12,0,0,579,62,16656,12441
2022-02-13,0,0,609,65,14261,10117
2022-02-14,12765,0,665,67,12784,3258
2022-02-15,,99,637,63,15673,5012
2022-02-16,5264,9,631,62,19136,6600
2022-02-17,5026,3,639,58,18764,6132
2022-02-18,4795,15,591,57,18260,6955
2022-02-19,0,0,579,55,15994,8898
2022-02-20,0,0,594,52,12805,7345
2022-02-21,11654,26,636,53,11540,2767
2022-02-22,3280,9,608,54,11882,4393
2022-02-23,4121,8,593,54,15049,5009
2022-02-24,3729,11,611,55,15099,5106
2022-02-25,4304,4,630,53,14748,5986
2022-02-26,0,0,583,49,11846,6537
2022-02-27,0,0,603,48,8773,5728
2022-02-28,8210,22,610,47,9192,1924
2022-03-01,3298,11,616,48,10623,2953
2022-03-02,3342,13,653,46,13228,4346
2022-03-03,4043,6,661,46,12216,5288
2022-03-04,3995,4,670,43,11463,5431
2022-03-05,0,0,673,43,11150,8124
2022-03-06,0,0,749,45,8712,6847
2022-03-07,7491,39,,,8638,1402
2022-03-08,4355,1,,,10458,3009
2022-03-09,1698,7,,,15846,3145
2022-03-10,4057,12,,,14561,4667
2022-03-11,9125,21,,,13602,
